Id,y
10000.0,-66.00242349023137
10001.0,451.40650440115456
10002.0,-461.676417060299
10003.0,40.501208753724455
10004.0,-126.74472245403842
10005.0,-342.53455181925244
10006.0,-396.555542113589
10007.0,335.54127907908764
10008.0,-99.51242087062431
10009.0,304.812539806276
10010.0,68.89453048978598
10011.0,412.36919545590825
10012.0,54.94237102476811
10013.0,-17.005550754779968
10014.0,-597.8499575722619
10015.0,443.5022887864154
10016.0,144.77448697804326
10017.0,-57.41116367253777
10018.0,134.38782757746287
10019.0,-108.98377598910916
10020.0,153.8248284250677
10021.0,611.7359836022039
10022.0,588.3896503384233
10023.0,-131.0167999580199
10024.0,-61.13562114122922
10025.0,-374.2484953169732
10026.0,74.15799307965494
10027.0,137.43837873610414
10028.0,420.0866117967909
10029.0,196.76562571344456
10030.0,268.44284980053317
10031.0,638.4749102511103
10032.0,127.37873138691826
10033.0,1.3491187584003548
10034.0,22.71045317740687
10035.0,342.23953452256586
10036.0,307.70396697417243
10037.0,348.13820870094133
10038.0,-168.65286130735407
10039.0,-20.221130904617823
10040.0,-551.7499275731111
10041.0,-429.9718040667425
10042.0,261.89195870674337
10043.0,389.82042612922123
10044.0,-96.16562227356626
10045.0,-210.71080125632625
10046.0,278.881868784013
10047.0,-427.4533010310499
10048.0,-172.90325291756906
10049.0,467.2643783557851
10050.0,-631.5587355874404
10051.0,-355.53165933817843
10052.0,143.17327553860406
10053.0,69.19920259894143
10054.0,275.5882739767271
10055.0,-263.1886122041042
10056.0,167.49830723241195
10057.0,104.57789589014189
10058.0,230.07008661007762
10059.0,20.98802664457657
10060.0,-4.822581262502226
10061.0,-201.92294081063773
10062.0,560.0639265657712
10063.0,55.288476252448824
10064.0,671.3015746918352
10065.0,-493.74873828522914
10066.0,-279.35303673259216
10067.0,-53.71252761314692
10068.0,379.69819550097645
10069.0,315.0714108579838
10070.0,169.13001732614248
10071.0,-271.59930326901116
10072.0,783.8022226750354
10073.0,44.577311515548445
10074.0,57.406780054578775
10075.0,-161.07827414306863
10076.0,-220.6695784788581
10077.0,223.24129442929112
10078.0,352.66559554375635
10079.0,13.163291366266236
10080.0,-461.9941469857308
10081.0,305.3721466914237
10082.0,-230.59656173861092
10083.0,359.07444324254476
10084.0,-430.26056337592195
10085.0,-115.54882205546409
10086.0,-88.96006387867413
10087.0,-488.29018980804346
10088.0,-139.35033854713592
10089.0,57.33880810852611
10090.0,-190.33624272166497
10091.0,-6.508092914824346
10092.0,189.2910777470187
10093.0,346.60367818565646
10094.0,871.6273206485924
10095.0,-147.01353738653904
10096.0,443.48993777943184
10097.0,-30.498432974438188
10098.0,185.46345753445928
10099.0,-119.91717151732792
10100.0,43.575238001809026
10101.0,58.31857155224411
10102.0,-197.15246829839873
10103.0,-70.47160678841225
10104.0,-342.84605328866735
10105.0,-29.233589873717037
10106.0,49.52292929610394
10107.0,-16.246144137912296
10108.0,33.775069261607825
10109.0,-68.88307748324094
10110.0,25.86339949369618
10111.0,-617.3142842716973
10112.0,-185.90441301194974
10113.0,323.78310610938775
10114.0,-35.662195722126945
10115.0,-733.5297711613854
10116.0,-240.73856264736065
10117.0,-381.9731466242498
10118.0,75.31994462169496
10119.0,36.61032645911696
10120.0,-28.756270225023584
10121.0,-481.16062796858995
10122.0,408.85023042299025
10123.0,-765.0217471991647
10124.0,178.0726965163714
10125.0,-7.649879385671802
10126.0,134.7968462337588
10127.0,-477.4585142128702
10128.0,-248.70625301323685
10129.0,-361.884657223865
10130.0,-18.75561174855453
10131.0,7.795604374434674
10132.0,-109.10598972538492
10133.0,-63.07374524219506
10134.0,591.8231837349167
10135.0,259.61263369662987
10136.0,-279.8658320087677
10137.0,93.22535940051867
10138.0,-427.28731541913544
10139.0,84.38656633089806
10140.0,-311.5446306441576
10141.0,11.419268612560614
10142.0,-297.8314684235848
10143.0,-331.9289709686444
10144.0,656.0132305257328
10145.0,-476.66268136505533
10146.0,361.19404513377447
10147.0,-150.18526861192362
10148.0,299.9467190243257
10149.0,-191.72143219270671
10150.0,151.94999511612008
10151.0,-64.6727578157661
10152.0,351.2448616306338
10153.0,-370.63644575627285
10154.0,349.2249817861115
10155.0,273.5246096168016
10156.0,783.1971843196887
10157.0,-124.23788973573912
10158.0,-155.22004432990892
10159.0,-506.9556493864119
10160.0,201.69321238561616
10161.0,-415.1740571596374
10162.0,-348.1651051695662
10163.0,-201.95224108681055
10164.0,-658.950447053338
10165.0,179.3464016817149
10166.0,124.0692581616879
10167.0,-209.15025355201732
10168.0,213.70513477400604
10169.0,-82.11721023809017
10170.0,-97.11026989727128
10171.0,124.26800574647994
10172.0,50.28991565714355
10173.0,538.7439592813378
10174.0,630.0175345543378
10175.0,217.25927782654423
10176.0,-491.733741326709
10177.0,-131.14175113883397
10178.0,362.39302241729445
10179.0,-14.363038055408254
10180.0,-30.26175736167677
10181.0,-107.32358076729884
10182.0,-334.062592929672
10183.0,299.5063996464328
10184.0,-103.47221484505474
10185.0,179.82049946719474
10186.0,122.2007088790076
10187.0,86.58037161690754
10188.0,386.48256056699284
10189.0,-613.3611745045839
10190.0,-269.81638738346226
10191.0,260.7314512622873
10192.0,-44.62016128042845
10193.0,-159.1571757641674
10194.0,-145.24559879357486
10195.0,447.2282148760005
10196.0,476.35698596959475
10197.0,121.79421345327205
10198.0,-1.5356790561063747
10199.0,410.74409653878075
10200.0,90.82809979964686
10201.0,150.07336956845018
10202.0,24.033652961547688
10203.0,273.8866340536297
10204.0,-154.52926038025225
10205.0,42.588901507065884
10206.0,617.3417063168577
10207.0,38.93936076142802
10208.0,-91.43610119490349
10209.0,225.35327477391058
10210.0,151.05827577085586
10211.0,-86.91664773646099
10212.0,-101.717889580072
10213.0,161.93776502605516
10214.0,357.8704141035455
10215.0,32.145978186554714
10216.0,-379.145399200293
10217.0,-165.94213222367236
10218.0,257.45392169454186
10219.0,-124.83850779184193
10220.0,47.0845147229919
10221.0,-67.05065138980302
10222.0,287.17334413416523
10223.0,836.2674277701633
10224.0,-78.73329260205574
10225.0,-293.0092291521958
10226.0,284.91632646225656
10227.0,377.9514320082295
10228.0,-473.9426195897227
10229.0,-538.8094549766048
10230.0,-372.904750403189
10231.0,-83.37700889968718
10232.0,157.46205951911202
10233.0,167.50291456151146
10234.0,-105.69040574319556
10235.0,561.1616879176291
10236.0,-149.3553189574689
10237.0,196.96680512352322
10238.0,-33.81991172758043
10239.0,5.199419882337796
10240.0,-121.70842296063304
10241.0,53.473579817377825
10242.0,531.2918938411243
10243.0,-157.60262258937695
10244.0,-183.77196239261264
10245.0,643.8322464256652
10246.0,17.780306010129152
10247.0,-92.07939719460205
10248.0,485.4931646050772
10249.0,-221.2365786079402
10250.0,490.60650504846285
10251.0,-43.67715915424961
10252.0,139.93322987117637
10253.0,207.50447442761129
10254.0,17.092647024359394
10255.0,-396.4720331605296
10256.0,-168.30166761529324
10257.0,-75.59324100124468
10258.0,-292.0735078007691
10259.0,-59.373665346632194
10260.0,247.3690470643848
10261.0,206.8311275818557
10262.0,17.462464464079517
10263.0,-181.81148500657
10264.0,300.1761509454853
10265.0,-567.6387247955894
10266.0,311.5932728526358
10267.0,-9.929511835493429
10268.0,161.40782304547855
10269.0,272.38559922972433
10270.0,55.1224574194251
10271.0,-15.27826741219718
10272.0,286.40230194290257
10273.0,387.8886119434742
10274.0,-148.57888863638618
10275.0,171.95235244839677
10276.0,-411.570592222679
10277.0,213.802538270752
10278.0,133.9300243737175
10279.0,-99.01717750124276
10280.0,-162.41724224558152
10281.0,-39.07419011347814
10282.0,-295.1584521832397
10283.0,141.32481354359632
10284.0,163.05983005334488
10285.0,-55.45540146241699
10286.0,-145.74067609352196
10287.0,16.350462436354
10288.0,-364.29855848282773
10289.0,558.6630187376719
10290.0,40.050661219007566
10291.0,67.63734504297014
10292.0,559.8400846554672
10293.0,469.80694715741737
10294.0,-149.49980105453034
10295.0,-328.8227866996959
10296.0,425.7713170466757
10297.0,85.50466241179338
10298.0,-166.91553705584923
10299.0,-662.2984070393502
10300.0,50.280391653003505
10301.0,-11.355718332960663
10302.0,-451.81126444953264
10303.0,78.67283313413122
10304.0,-386.8187999173569
10305.0,-273.2273830523733
10306.0,352.0150454400227
10307.0,-263.8480409181033
10308.0,-214.73022299361082
10309.0,-84.88115489738499
10310.0,745.8832791254231
10311.0,-418.97510845227544
10312.0,739.1991251661946
10313.0,-469.0774263529479
10314.0,481.82984486567165
10315.0,363.2079747874404
10316.0,-270.2530418207198
10317.0,-399.59212471613273
10318.0,234.45728030706553
10319.0,-38.73469357032701
10320.0,238.36874871850756
10321.0,28.697441990183762
10322.0,238.23095785965452
10323.0,-130.00744030000104
10324.0,-681.2945617788497
10325.0,61.580652959543585
10326.0,-444.9298506709598
10327.0,-14.713208392840244
10328.0,680.4767823428581
10329.0,288.7326064937663
10330.0,839.9704901556731
10331.0,416.65747651918156
10332.0,167.35603728915822
10333.0,-86.77953786706708
10334.0,332.76996760043625
10335.0,-201.33443093425356
10336.0,-43.62508298784162
10337.0,-107.9023777960966
10338.0,-284.0357380251711
10339.0,232.60855717832666
10340.0,237.8331517154011
10341.0,74.39980567720293
10342.0,255.51770406364605
10343.0,-168.64961928561047
10344.0,68.56334601629021
10345.0,-365.44198172526126
10346.0,189.70649886094608
10347.0,-369.83324976670986
10348.0,-250.9002439023796
10349.0,76.31355019623233
10350.0,-344.94550923377693
10351.0,-187.42339326812652
10352.0,482.16975698252196
10353.0,125.75266972885937
10354.0,450.6919437521873
10355.0,216.1761901820816
10356.0,34.34193571930473
10357.0,57.511455961215674
10358.0,-211.4194989471269
10359.0,49.762491809493405
10360.0,76.11104020758424
10361.0,-29.196254490440257
10362.0,33.04895852873673
10363.0,364.56271216309995
10364.0,234.48280987315297
10365.0,-21.79655485909143
10366.0,-476.93787704780175
10367.0,43.567658993046095
10368.0,-310.9572136651709
10369.0,-46.94111622603725
10370.0,181.19558107133588
10371.0,-214.9624298200716
10372.0,-80.22706031522159
10373.0,841.20822916574
10374.0,102.35678708587037
10375.0,37.29773804688157
10376.0,77.39818275960309
10377.0,435.7945214936923
10378.0,111.39479265155688
10379.0,-128.82922415387395
10380.0,573.0501210583968
10381.0,48.6024680779111
10382.0,-68.55414659218755
10383.0,56.68162450583026
10384.0,-360.30993199944
10385.0,131.90192283450452
10386.0,-264.52589763343053
10387.0,-378.79324972499353
10388.0,-190.0992925997661
10389.0,862.9152130409636
10390.0,159.57649666231197
10391.0,514.0204635801462
10392.0,61.387667803407425
10393.0,720.8758958326595
10394.0,-450.97673103980276
10395.0,105.89444211999717
10396.0,-27.532603044003167
10397.0,-23.435561966771687
10398.0,331.2059982949474
10399.0,-156.02456394824057
10400.0,0.9477018385598939
10401.0,17.232405165319555
10402.0,143.23908417021306
10403.0,53.2264513907477
10404.0,41.0133492697953
10405.0,-129.39255146834805
10406.0,430.9165210459315
10407.0,-427.9096196573563
10408.0,49.11400485209275
10409.0,-221.64758038918893
10410.0,-313.7597121868498
10411.0,115.24452244706923
10412.0,96.10097204453511
10413.0,-399.91598494242197
10414.0,-8.41140792356343
10415.0,733.184132437471
10416.0,-332.4267664916513
10417.0,83.6761204219442
10418.0,339.79274865544284
10419.0,-35.1157013145143
10420.0,38.20433543387844
10421.0,-606.1984890559308
10422.0,194.27285338946166
10423.0,155.03155116158234
10424.0,-111.25647787348278
10425.0,-63.33937163651666
10426.0,403.9358187289638
10427.0,690.9194303358622
10428.0,75.78129943645001
10429.0,-340.3154065235757
10430.0,-195.7615954269803
10431.0,40.44513870875548
10432.0,-137.6541879602936
10433.0,-95.67479658954484
10434.0,290.8435378725036
10435.0,568.4646813472785
10436.0,351.2186507540764
10437.0,194.71516658168417
10438.0,-312.15084208719395
10439.0,-518.3107868724493
10440.0,-80.75158048061445
10441.0,-109.91053830578579
10442.0,491.4108364751972
10443.0,371.4851448604945
10444.0,343.8566446684364
10445.0,114.60785397368366
10446.0,-315.2044219098833
10447.0,83.10396509307029
10448.0,-82.59915101774192
10449.0,-182.21902722527705
10450.0,-294.91729245130466
10451.0,-294.21055531486945
10452.0,611.5470417356526
10453.0,-34.756134103592245
10454.0,-115.04157690057811
10455.0,263.2793379023779
10456.0,346.05651209283866
10457.0,194.6116152691107
10458.0,257.35614963849457
10459.0,-303.2080949271164
10460.0,-173.19591085705972
10461.0,-88.53983448578438
10462.0,137.6016120001142
10463.0,337.04864927806716
10464.0,155.7252346036274
10465.0,-250.2907929052395
10466.0,148.06340015143508
10467.0,333.6821886093777
10468.0,-260.3363923834265
10469.0,340.30790922791505
10470.0,224.6853557126959
10471.0,-607.2797170619323
10472.0,-54.859592940918745
10473.0,-685.0910817258443
10474.0,268.25827077859356
10475.0,108.79743563388357
10476.0,-233.1676171727214
10477.0,115.89088157850352
10478.0,75.2887546149847
10479.0,312.5869539403431
10480.0,78.42590704679539
10481.0,-509.6307964395841
10482.0,142.15294578474666
10483.0,-567.6096744598856
10484.0,99.19784411012986
10485.0,181.76569364681092
10486.0,-27.407098394358343
10487.0,-646.8210508159772
10488.0,-261.6328162502993
10489.0,-398.87688919781544
10490.0,-259.41075205618387
10491.0,-252.05740356799083
10492.0,-25.64796722733304
10493.0,-479.3579494231418
10494.0,109.91068619021985
10495.0,161.94257969114005
10496.0,-436.8071742397558
10497.0,-66.01220442256877
10498.0,-73.60538265407108
10499.0,51.002739446195136
10500.0,7.609681032165312
10501.0,-38.39048673108336
10502.0,493.59597060692937
10503.0,-303.4490805444868
10504.0,285.36305876068656
10505.0,236.9308212194635
10506.0,-112.90288738209162
10507.0,-104.91639705404648
10508.0,70.11071172015298
10509.0,-334.40218077461896
10510.0,-526.1520613513334
10511.0,26.695126681540813
10512.0,16.62507687890728
10513.0,-282.6239186862398
10514.0,-156.76438922324908
10515.0,-368.7038524010561
10516.0,87.26698388397278
10517.0,9.621961449394831
10518.0,159.33855433394928
10519.0,737.8354361900726
10520.0,-63.525614896838434
10521.0,253.3923454040683
10522.0,-195.4792622604796
10523.0,-233.60406275700663
10524.0,672.0430027603318
10525.0,161.0264781163406
10526.0,-86.92388588378282
10527.0,767.4499376317873
10528.0,300.1434547015428
10529.0,-264.63326212053204
10530.0,506.8069224983683
10531.0,413.73257578606155
10532.0,-227.95565420458652
10533.0,270.72182191824623
10534.0,166.2721453884312
10535.0,467.83594699529954
10536.0,691.0141927413333
10537.0,-235.19550162577562
10538.0,-204.49475633783587
10539.0,235.56549902567036
10540.0,481.50822898950366
10541.0,-404.2863716261724
10542.0,499.63459887902366
10543.0,-280.42362428355955
10544.0,349.63535701277425
10545.0,56.279218559326985
10546.0,377.7838241995529
10547.0,58.23929412508271
10548.0,424.29981217464956
10549.0,85.80041244154782
10550.0,-252.99288852459006
10551.0,172.8678449550207
10552.0,-190.10660020571558
10553.0,306.96428652366967
10554.0,-179.11766493342498
10555.0,-155.77590494004843
10556.0,-208.75257057910866
10557.0,-257.4259780204176
10558.0,-187.8870804578445
10559.0,178.95968589803277
10560.0,769.2994246067672
10561.0,131.4540049564635
10562.0,-86.33605847725576
10563.0,-440.7896941287991
10564.0,522.2063378416935
10565.0,74.26044537058834
10566.0,-273.34519080824884
10567.0,23.88548320272251
10568.0,-140.88619011673762
10569.0,337.4418933254647
10570.0,63.42512024403199
10571.0,-78.12104360563906
10572.0,-209.41596150610755
10573.0,-354.3022169957899
10574.0,261.54958940727397
10575.0,252.78475303502256
10576.0,415.3327934963987
10577.0,-341.4106217749631
10578.0,-101.54306561728944
10579.0,-82.98003734434667
10580.0,-146.1918594508308
10581.0,-400.9570095088514
10582.0,114.68810161530709
10583.0,-318.4094491728419
10584.0,-27.128651113151903
10585.0,253.3920635503236
10586.0,-15.161597235909362
10587.0,490.2763101566997
10588.0,67.16055415516014
10589.0,-583.6536301606632
10590.0,566.829222780882
10591.0,-659.7840206113434
10592.0,-280.3445865766321
10593.0,-618.4849576034646
10594.0,-403.08152177208285
10595.0,52.580795867776544
10596.0,154.1372478179058
10597.0,-187.18724588645955
10598.0,45.064322864018834
10599.0,389.8698024589769
10600.0,497.49442770097374
10601.0,-172.60466145697023
10602.0,-199.4880483069124
10603.0,146.33213540458883
10604.0,-745.9314211823653
10605.0,-230.93578234679637
10606.0,-157.7376882351052
10607.0,170.55585672160703
10608.0,58.528195791274065
10609.0,21.778235377083888
10610.0,-33.84543238859586
10611.0,527.0115321450189
10612.0,370.35979324782113
10613.0,-83.70884929336671
10614.0,-297.86678182751814
10615.0,379.63004164090523
10616.0,-194.49981867886407
10617.0,-59.08115423924038
10618.0,-59.05074145608444
10619.0,-265.79533104064126
10620.0,-488.32421484496444
10621.0,-28.133316815095938
10622.0,-110.89724251664023
10623.0,642.5198198743151
10624.0,-25.104958245575034
10625.0,368.2746547201473
10626.0,274.79921352704224
10627.0,416.52612933638454
10628.0,110.57324867984335
10629.0,561.3783520521679
10630.0,497.1437621157776
10631.0,-201.60987734450953
10632.0,-370.052298261589
10633.0,731.0573724235985
10634.0,-380.13707915516903
10635.0,-200.60251550520954
10636.0,272.0860118937552
10637.0,269.8405899107627
10638.0,-243.56399508534562
10639.0,-80.64209434586901
10640.0,-467.977012898555
10641.0,384.10330917171495
10642.0,-158.51464076438197
10643.0,-321.14290897908165
10644.0,-72.30709812158432
10645.0,244.89650104863168
10646.0,-111.76687989927626
10647.0,-71.3035416162871
10648.0,-97.1490053451389
10649.0,387.9928529444637
10650.0,134.07976082545497
10651.0,-372.724539718345
10652.0,-153.89734891410578
10653.0,376.055724678307
10654.0,-45.06699972728215
10655.0,29.111024201617987
10656.0,-164.38841371392505
10657.0,291.3802875570236
10658.0,-389.64290898924685
10659.0,-145.45381366072758
10660.0,276.5061419927249
10661.0,-134.09381091719052
10662.0,82.94811155481142
10663.0,143.77337061052782
10664.0,230.85377823040892
10665.0,649.8980469913491
10666.0,188.10011410399238
10667.0,170.7722161437634
10668.0,-533.8474844790485
10669.0,-516.1349688253716
10670.0,-356.78697467216597
10671.0,480.903743205649
10672.0,-54.53599296167667
10673.0,-272.66057204038015
10674.0,-89.16369341976664
10675.0,-97.4000408249616
10676.0,-264.2980377506267
10677.0,-558.8516759610415
10678.0,-18.22317398982375
10679.0,238.6833785879812
10680.0,-107.49682687897591
10681.0,-439.7371496922756
10682.0,-366.08737762045064
10683.0,540.4744022919016
10684.0,-335.91922953999074
10685.0,128.9848136466244
10686.0,-360.4650592778854
10687.0,-211.0145865682001
10688.0,115.70383605399758
10689.0,-723.6333562247729
10690.0,380.8939221056097
10691.0,24.300969805754097
10692.0,-145.38761452740988
10693.0,-157.28295617853806
10694.0,134.10336003673058
10695.0,215.95710077116365
10696.0,-310.2061637343903
10697.0,18.018883693843037
10698.0,-287.16969472965764
10699.0,-244.82888943623942
10700.0,-126.15190632103082
10701.0,-276.8510336972014
10702.0,-63.90282319538471
10703.0,-268.29074198436433
10704.0,80.99060618707665
10705.0,135.49197649147902
10706.0,265.8617173707379
10707.0,290.1533893185738
10708.0,72.8575070698765
10709.0,-88.64501838284403
10710.0,-562.5238017086139
10711.0,-257.9685916645926
10712.0,-88.3281877322766
10713.0,-608.9048913545776
10714.0,16.64812984686796
10715.0,-117.99664144508776
10716.0,244.48813585825178
10717.0,60.961320646526275
10718.0,640.8504726114284
10719.0,15.073592658661639
10720.0,135.0064443047732
10721.0,39.52337453323243
10722.0,86.44560574134341
10723.0,20.33765461545471
10724.0,217.44242023198018
10725.0,-8.574845990248434
10726.0,172.39758731740005
10727.0,-326.00374877329193
10728.0,347.5813407240388
10729.0,128.9580390911471
10730.0,-379.7500886129542
10731.0,-134.70695705662678
10732.0,153.56888514342296
10733.0,-72.12278608897054
10734.0,183.3084883057275
10735.0,-456.53877619138086
10736.0,152.2753016259965
10737.0,-20.658280599071276
10738.0,245.62232835465858
10739.0,776.4009728233574
10740.0,-320.14345296022697
10741.0,-479.3197082847786
10742.0,-69.75434860290805
10743.0,-372.01045319605174
10744.0,397.2822473818078
10745.0,94.97293025154144
10746.0,-545.8700939849762
10747.0,92.71733084803301
10748.0,456.6232467986981
10749.0,140.3351962920401
10750.0,-542.6167845034435
10751.0,33.2561784730566
10752.0,237.54555311936727
10753.0,-260.5147806037748
10754.0,-227.74117804894536
10755.0,-18.37420794464451
10756.0,357.2320793577921
10757.0,234.16866322379454
10758.0,309.0494908647166
10759.0,109.41620907267925
10760.0,297.0462771953384
10761.0,431.28271868977356
10762.0,-285.9027541516843
10763.0,-461.12318506056477
10764.0,458.84116852029376
10765.0,-35.13247865793433
10766.0,-138.9667786727796
10767.0,435.8781113541398
10768.0,-327.55173248124356
10769.0,-16.17584222560191
10770.0,32.68738315097086
10771.0,-143.11036093613387
10772.0,-82.91163796819407
10773.0,-26.395849579090125
10774.0,-295.90654248376995
10775.0,-300.94455130927827
10776.0,-157.03746176056302
10777.0,-444.1054251705692
10778.0,55.54295923374441
10779.0,136.09573343373847
10780.0,-59.93423441413813
10781.0,774.786939355856
10782.0,-291.82146940254273
10783.0,449.65451335805346
10784.0,-231.20082491305317
10785.0,88.18058840405192
10786.0,511.6823816159461
10787.0,27.69891399185525
10788.0,69.71900343078609
10789.0,-684.0304286748213
10790.0,-181.165754189107
10791.0,-592.2856835316286
10792.0,-326.3723044913694
10793.0,527.5739554313386
10794.0,-175.98223228892618
10795.0,555.3273243262522
10796.0,-40.06219256947696
10797.0,-242.90961184425706
10798.0,466.4750098322106
10799.0,209.7265782177996
10800.0,112.47399028633873
10801.0,655.9597092112747
10802.0,-253.67288201365213
10803.0,-143.1400643690273
10804.0,261.90903344912545
10805.0,-51.43052462098915
10806.0,-646.5343714931223
10807.0,-114.11730645512885
10808.0,126.14931118008086
10809.0,204.59346285899602
10810.0,-300.39361365831377
10811.0,-415.6867458895392
10812.0,6.449152884280522
10813.0,72.8010777748294
10814.0,160.66087208145254
10815.0,249.3116892918178
10816.0,-248.28534524656357
10817.0,7.83062992261317
10818.0,-466.3838270166608
10819.0,290.1514440446011
10820.0,-309.0332065633402
10821.0,528.6916611956275
10822.0,372.49384793225397
10823.0,-328.0862663096866
10824.0,-94.65873407725094
10825.0,55.56919414045768
10826.0,67.3438241903174
10827.0,-533.6683812491319
10828.0,-128.1086335034483
10829.0,-542.9948584464202
10830.0,54.63463967257958
10831.0,182.6604348326788
10832.0,-41.29948573089165
10833.0,652.8127633917369
10834.0,-336.9657807378886
10835.0,99.96282019773778
10836.0,811.7900163367091
10837.0,-346.25211606529933
10838.0,103.69087960098398
10839.0,487.73608126333374
10840.0,120.89569101399128
10841.0,-324.3296740543692
10842.0,-136.4121297121469
10843.0,-41.924430030977135
10844.0,282.7029865802334
10845.0,345.62032897020515
10846.0,124.69798534752391
10847.0,-206.1133528337343
10848.0,155.93998583214162
10849.0,-443.7672299433853
10850.0,-273.3430034005979
10851.0,195.9503308185462
10852.0,-30.690040851399875
10853.0,86.5677865981537
10854.0,-312.21136188949765
10855.0,41.00524696145776
10856.0,307.67518019994793
10857.0,532.9059494214056
10858.0,260.1616805633809
10859.0,362.0055075337376
10860.0,101.32898120196654
10861.0,38.44129613989391
10862.0,20.267674753903293
10863.0,117.44024988074604
10864.0,573.691182707857
10865.0,-507.59205851450236
10866.0,-211.76962671045726
10867.0,-78.39989740428241
10868.0,-319.57376765957423
10869.0,-267.4465644183343
10870.0,-780.8570319676251
10871.0,50.22998055644291
10872.0,-298.5490108171675
10873.0,23.39238652311809
10874.0,-76.29059741014846
10875.0,-257.59747046425406
10876.0,171.56436509796623
10877.0,-121.60078316249025
10878.0,-451.3737768554309
10879.0,81.13533884268337
10880.0,-212.55249317142722
10881.0,-3.534927229095004
10882.0,-408.25548100018693
10883.0,-158.6513319446581
10884.0,238.39834201613166
10885.0,-133.03572327369824
10886.0,-266.0840826060651
10887.0,247.74270438194844
10888.0,347.9665442832381
10889.0,-511.3152428108675
10890.0,21.815871215018618
10891.0,-163.84140964229044
10892.0,-472.5608363970494
10893.0,-365.0082671512364
10894.0,272.4371379322405
10895.0,92.37376374891542
10896.0,491.8081456846519
10897.0,-200.03605813580992
10898.0,144.31490824987432
10899.0,-554.3580524200005
10900.0,-449.35755789415964
10901.0,565.0154801799613
10902.0,446.3187580746222
10903.0,309.69738818741365
10904.0,282.92794140775226
10905.0,176.19762818996756
10906.0,-315.1418517603811
10907.0,612.3377931152997
10908.0,274.25223124773174
10909.0,-19.43617305856523
10910.0,404.6254477705254
10911.0,47.26648142698506
10912.0,101.89624080960519
10913.0,98.14809562777769
10914.0,-231.35258244372204
10915.0,136.33612319164334
10916.0,-150.31005926794865
10917.0,461.1995499787889
10918.0,145.6901588842724
10919.0,-405.82374187556024
10920.0,-405.55256587509746
10921.0,213.67394365056126
10922.0,-204.80364027314403
10923.0,-118.57063791050876
10924.0,675.2302648290731
10925.0,145.16198786853397
10926.0,489.6870020199625
10927.0,-173.76557459369283
10928.0,89.69168465283656
10929.0,239.01179154231014
10930.0,-68.18000068660206
10931.0,93.66677561513221
10932.0,-196.5530172200858
10933.0,-711.7534447200957
10934.0,-104.15023991148932
10935.0,55.73003950123022
10936.0,74.24035058478697
10937.0,625.7495908769059
10938.0,234.98688486875454
10939.0,221.5929479387571
10940.0,61.93159175679436
10941.0,239.73644833443714
10942.0,-21.338081818317498
10943.0,180.16473629709094
10944.0,14.91862799549898
10945.0,-374.865688348252
10946.0,-397.51492885840435
10947.0,114.66690843216234
10948.0,-269.61622879894225
10949.0,0.13921221449103882
10950.0,-34.594846760693144
10951.0,72.73402122668064
10952.0,-188.805563139038
10953.0,-365.5336719234543
10954.0,-67.59552255426655
10955.0,19.501170139178726
10956.0,212.78259013823424
10957.0,170.72284688263196
10958.0,48.75605588201981
10959.0,-239.4465227916469
10960.0,409.73820515518025
10961.0,399.8680056503105
10962.0,18.693100459976648
10963.0,165.7669719598438
10964.0,-124.38945349671137
10965.0,54.99452321278754
10966.0,640.4320745648706
10967.0,7.578792735556021
10968.0,-265.04763041001155
10969.0,1.692733091093885
10970.0,18.517133621268144
10971.0,-248.85163930169327
10972.0,106.86193154650869
10973.0,251.63914312090958
10974.0,133.83773953640684
10975.0,-358.2669613769326
10976.0,426.2614473176426
10977.0,71.97842246974086
10978.0,-322.0875596252209
10979.0,438.84026750159495
10980.0,-40.13211449134104
10981.0,283.80356865292663
10982.0,-487.9061953325877
10983.0,-86.93302825214874
10984.0,-470.85015109169075
10985.0,73.14648277315248
10986.0,-688.3900989408
10987.0,392.47856756604097
10988.0,-328.6310374955384
10989.0,149.39160063469114
10990.0,321.7931147606067
10991.0,584.393087045064
10992.0,206.75729570024865
10993.0,36.54822599700813
10994.0,-37.77828521118797
10995.0,-551.0517094651385
10996.0,-107.8512038775708
10997.0,-176.80602795353204
10998.0,-356.88949117318356
10999.0,418.41458411247885
11000.0,-26.13349601698286
11001.0,-213.9095136280307
11002.0,246.57978881987782
11003.0,-32.011024949712706
11004.0,-126.73258849582571
11005.0,26.91449155762018
11006.0,198.9219737629528
11007.0,-18.84355441470646
11008.0,-119.51484607642223
11009.0,-389.9037605310751
11010.0,-149.50928607147952
11011.0,-308.96203021469466
11012.0,-478.77716041375396
11013.0,-616.7291412522807
11014.0,-25.890829611384476
11015.0,-133.1765903168635
11016.0,-633.0587252293222
11017.0,-32.26329474560741
11018.0,28.795819581694474
11019.0,-290.0013236406616
11020.0,-168.0249653920022
11021.0,-173.84102001973915
11022.0,107.27955415166467
11023.0,278.3287852070013
11024.0,164.73665181591318
11025.0,596.786019950617
11026.0,737.7802177171247
11027.0,-57.04439870388714
11028.0,-20.3819130278849
11029.0,193.11140830024647
11030.0,150.95242220368158
11031.0,-340.87792585586755
11032.0,207.55657024653837
11033.0,-27.6747261258921
11034.0,-146.9516573657135
11035.0,-121.88066829612649
11036.0,144.4795053298916
11037.0,333.20953167889684
11038.0,-452.51312096804674
11039.0,-208.53684674422328
11040.0,265.8449475236101
11041.0,-86.19645950050112
11042.0,-456.0106179223638
11043.0,-377.73004720142796
11044.0,277.55668897045496
11045.0,-98.28816556864513
11046.0,-258.67741823285127
11047.0,508.5130216465922
11048.0,-27.82946676741463
11049.0,-397.838225224189
11050.0,27.294231548042376
11051.0,55.46090696291222
11052.0,86.52443961502786
11053.0,-417.7182670641668
11054.0,265.07469217437017
11055.0,126.49537980057372
11056.0,-731.2337998933455
11057.0,26.76852907043195
11058.0,15.172424965473112
11059.0,603.1491770539623
11060.0,-68.51036908576049
11061.0,-630.158849738927
11062.0,391.4398950451714
11063.0,191.26739771271446
11064.0,-82.79915889804523
11065.0,874.2798355716841
11066.0,130.10220965607962
11067.0,24.82525762983832
11068.0,10.015684555530356
11069.0,407.55355195098605
11070.0,184.93372244983732
11071.0,699.4013403550857
11072.0,12.874182171249103
11073.0,-569.7950312054747
11074.0,-60.618267530273165
11075.0,-96.5894429258617
11076.0,19.660708357383925
11077.0,30.2259690500658
11078.0,-107.06858214835694
11079.0,-23.44815302330909
11080.0,-16.563489755114233
11081.0,18.76731799858635
11082.0,145.95038182220654
11083.0,-428.10275660092174
11084.0,-158.1747761103734
11085.0,-44.378080896788276
11086.0,-411.2997705448312
11087.0,218.42101808202554
11088.0,141.24530784475326
11089.0,316.63475597059175
11090.0,93.68023982535513
11091.0,154.1640540256551
11092.0,-132.92025023591003
11093.0,-293.87357139530764
11094.0,485.30634558787733
11095.0,-271.229481506856
11096.0,373.3831471784341
11097.0,-359.66959875632983
11098.0,-459.9923044506959
11099.0,209.0536985232832
11100.0,46.740083514876574
11101.0,-767.89654359918
11102.0,-153.9694668257062
11103.0,-66.68289246156874
11104.0,-15.94403508088726
11105.0,16.07598434500005
11106.0,157.0389367015742
11107.0,585.6578635592921
11108.0,-259.6381059793936
11109.0,264.4864666930862
11110.0,171.5586506995285
11111.0,182.06572554508475
11112.0,-336.88337336089137
11113.0,-403.2385387031547
11114.0,114.5777251079563
11115.0,161.8364434963895
11116.0,-628.0447010001058
11117.0,242.0117530553878
11118.0,362.86303611765436
11119.0,60.71370640424436
11120.0,-359.3112312132593
11121.0,-379.08187950572625
11122.0,237.8377849497886
11123.0,-293.4175091399262
11124.0,-397.4513792029836
11125.0,159.58885605132673
11126.0,365.03747521359605
11127.0,-720.6128464897367
11128.0,500.1648657714851
11129.0,-11.265810006164045
11130.0,-69.35501502523702
11131.0,250.86562155967889
11132.0,-169.30678540802504
11133.0,120.4372069269264
11134.0,-39.9531578253937
11135.0,-520.879065999746
11136.0,-631.1061053453739
11137.0,-189.45128724586812
11138.0,73.57078736644416
11139.0,39.63813193628211
11140.0,-459.83743877510494
11141.0,4.029071723496827
11142.0,-197.4488996568181
11143.0,62.389742569146165
11144.0,-186.44535236927103
11145.0,-133.60822019560226
11146.0,305.0229789528653
11147.0,-46.0224675921457
11148.0,-42.28147598500823
11149.0,-174.613423139781
11150.0,-221.81742427816724
11151.0,-177.5825537147677
11152.0,-1.6457791602114753
11153.0,92.19561472892687
11154.0,380.63664334812444
11155.0,5.176285533507688
11156.0,-43.26413786036031
11157.0,138.56909768313452
11158.0,-644.2373399718075
11159.0,-264.0526485409818
11160.0,388.0771113359533
11161.0,-314.5755039675315
11162.0,68.59577885369798
11163.0,313.9025059586703
11164.0,-174.13638000550083
11165.0,75.24506091716611
11166.0,-48.30049653479152
11167.0,366.3281349305426
11168.0,-300.9531752245199
11169.0,52.29547497280734
11170.0,199.7645085288459
11171.0,-291.4521388811778
11172.0,-221.25525714195135
11173.0,-347.63373665011375
11174.0,-203.16973722565973
11175.0,-377.92297544460456
11176.0,-39.05990123872162
11177.0,-27.65770898692346
11178.0,-4.840069011084459
11179.0,387.69317018167214
11180.0,173.07521100861612
11181.0,932.2704016789734
11182.0,-79.75948934966385
11183.0,140.8319773722506
11184.0,39.684029858127275
11185.0,443.52420804431443
11186.0,342.3599487202397
11187.0,-137.85795258406304
11188.0,596.3305304911737
11189.0,207.6469264235077
11190.0,-628.7444696897289
11191.0,498.51770649884554
11192.0,-157.93924874004938
11193.0,351.10783976574294
11194.0,21.71133353560044
11195.0,-147.8588200554938
11196.0,204.57246274928207
11197.0,29.47461824941351
11198.0,121.4339296412445
11199.0,-565.6199353865665
11200.0,-229.61058695852805
11201.0,-46.80447710874245
11202.0,686.9993413504845
11203.0,-439.3760081383574
11204.0,-564.3067809262285
11205.0,-449.4452387206127
11206.0,-187.0133755779538
11207.0,63.714470752306426
11208.0,226.53217961129099
11209.0,-238.26195886607584
11210.0,8.03175266796677
11211.0,-360.6886941851471
11212.0,-123.99311613868804
11213.0,-388.8646194630046
11214.0,21.025862631446202
11215.0,-301.5018712563047
11216.0,215.87740831289636
11217.0,403.51021004980043
11218.0,435.6976033569273
11219.0,-107.10092088372272
11220.0,186.0469207837366
11221.0,347.5694847398064
11222.0,258.81395911530547
11223.0,-431.37566148179474
11224.0,-169.35938198101996
11225.0,106.38668004303929
11226.0,11.406343347779085
11227.0,362.5962040295653
11228.0,-602.2073540911481
11229.0,707.5559184457966
11230.0,202.17491878205504
11231.0,-50.33711976765595
11232.0,-170.32942345324932
11233.0,-33.31137090394944
11234.0,194.4298349201163
11235.0,-358.5893509674067
11236.0,-212.26535326917818
11237.0,-291.42110382226383
11238.0,295.55761894971266
11239.0,-278.9733872730836
11240.0,23.653653300110705
11241.0,-64.46361090683938
11242.0,-550.5130672413408
11243.0,541.3432697524759
11244.0,95.0633304113122
11245.0,14.598207374633034
11246.0,108.60883519127088
11247.0,-390.9747091142436
11248.0,358.6664196609004
11249.0,-656.7373713546347
11250.0,39.62170404065033
11251.0,-112.10781397641884
11252.0,-3.996618183604056
11253.0,-399.3487785294677
11254.0,-189.94215830266833
11255.0,25.70500325461859
11256.0,-514.3423090508975
11257.0,42.903388996471676
11258.0,-18.932652421565507
11259.0,-109.323096499657
11260.0,-32.89909171394709
11261.0,-543.812002653855
11262.0,402.37108703096976
11263.0,36.244315379427235
11264.0,228.304075800095
11265.0,346.38302227713746
11266.0,-401.2227069906863
11267.0,54.05719773136545
11268.0,6.862233348083436
11269.0,-3.812080565892927
11270.0,-445.4514919738883
11271.0,162.0875187432689
11272.0,176.36752501387213
11273.0,-516.9719819284381
11274.0,189.99316009348897
11275.0,-164.45712796519405
11276.0,174.20994712832854
11277.0,-510.0297763148849
11278.0,174.78488510987222
11279.0,-352.74632432728447
11280.0,-145.4609770896173
11281.0,456.9718611706634
11282.0,-463.5148906726287
11283.0,-363.58427640439385
11284.0,-157.84808228490314
11285.0,-195.36060962026235
11286.0,152.04068775685545
11287.0,-197.09226766881807
11288.0,36.48096536871955
11289.0,993.2248779784709
11290.0,-387.02879318681653
11291.0,-6.6165108828027925
11292.0,-272.06886088584133
11293.0,-138.59954551011174
11294.0,-105.0394486125999
11295.0,-21.529524404723766
11296.0,91.05719915022992
11297.0,-65.79119714947271
11298.0,164.4728771009361
11299.0,-17.99782702746458
11300.0,783.8866597139157
11301.0,-339.23112472431325
11302.0,-196.48456361783553
11303.0,357.21849540968356
11304.0,186.3106252115684
11305.0,138.09410368403195
11306.0,-11.632461477737479
11307.0,175.80916373420297
11308.0,-224.61734983236343
11309.0,68.85579641186737
11310.0,201.21113139003916
11311.0,257.8711428771627
11312.0,-432.87055951729957
11313.0,-893.9998008184419
11314.0,671.8650784658594
11315.0,-143.37264919121753
11316.0,622.2386586662827
11317.0,179.3844262904714
11318.0,553.7744088919072
11319.0,133.39922116403886
11320.0,-278.7634418316665
11321.0,-316.6280409529855
11322.0,503.41566288266733
11323.0,282.68713599665745
11324.0,-192.34979075415188
11325.0,-266.5062159351747
11326.0,28.44209269197242
11327.0,-502.8106644889367
11328.0,-284.89716781774104
11329.0,334.32539610270544
11330.0,131.85559421631203
11331.0,-163.06900527506923
11332.0,207.6978104450523
11333.0,84.53775535541777
11334.0,26.259629066103074
11335.0,-255.92213730636655
11336.0,51.28290274248167
11337.0,-102.04962146231335
11338.0,160.43430410628616
11339.0,285.3933559563104
11340.0,-58.84096452168137
11341.0,103.10534910665979
11342.0,-294.31129301873455
11343.0,376.9074907782753
11344.0,69.80186693396907
11345.0,866.0001885226116
11346.0,-39.37289658053906
11347.0,64.61420289331784
11348.0,-169.6560341690669
11349.0,-545.1873976320014
11350.0,-61.7696368475376
11351.0,-497.32028453380786
11352.0,462.2911105292893
11353.0,-153.2691425095554
11354.0,-206.0069414591043
11355.0,-139.67967903899978
11356.0,-86.3160350000843
11357.0,589.4439429065616
11358.0,213.39162365467226
11359.0,160.84269205249902
11360.0,189.14311879095573
11361.0,-353.6233316812045
11362.0,-195.46146888135024
11363.0,-130.97048784757118
11364.0,-411.89784821070947
11365.0,339.53611096103725
11366.0,278.70802857875725
11367.0,262.53933089099564
11368.0,-182.31524737855992
11369.0,312.5925398843078
11370.0,292.50696602849195
11371.0,-191.3981291302163
11372.0,97.19896589042874
11373.0,-323.0624519693483
11374.0,-641.6335236830939
11375.0,34.40431778594157
11376.0,332.61463954494
11377.0,374.39429080114456
11378.0,79.74057443698301
11379.0,-175.66454148011763
11380.0,161.84977999054558
11381.0,247.70962726908027
11382.0,90.73858219236004
11383.0,406.9195427827266
11384.0,-128.29338404491503
11385.0,131.27330755535618
11386.0,729.3094416276261
11387.0,721.9516507762651
11388.0,-177.94000063372528
11389.0,709.5229020169685
11390.0,68.4418279462767
11391.0,-488.04810671370603
11392.0,152.7459391461759
11393.0,-239.25028478333596
11394.0,-147.28095714479605
11395.0,-45.208318575647056
11396.0,-222.12449344542767
11397.0,-332.6152838819191
11398.0,-119.36737582300461
11399.0,411.5976153741662
11400.0,165.3828837539897
11401.0,488.27546568672165
11402.0,224.14489930098858
11403.0,57.12319327873952
11404.0,264.6650201978731
11405.0,-126.75098294470834
11406.0,-376.2060205940089
11407.0,48.79137391778511
11408.0,420.1980640051417
11409.0,-415.55963971310854
11410.0,-45.072678714988655
11411.0,-169.48557453543282
11412.0,744.9633226613835
11413.0,-534.1845713199519
11414.0,-151.031128091009
11415.0,577.9358654693676
11416.0,46.726387390609304
11417.0,311.55408180562154
11418.0,357.306376588106
11419.0,265.4127384398401
11420.0,-253.59736902535133
11421.0,-473.88134405003143
11422.0,12.6884446058761
11423.0,-132.56426690048858
11424.0,72.47381920347814
11425.0,217.4358052292244
11426.0,-335.77852011220807
11427.0,-262.2046244768534
11428.0,95.516983209102
11429.0,-209.18192024536074
11430.0,456.63567349234404
11431.0,308.43056019746655
11432.0,-28.853731125680753
11433.0,-358.5178471510817
11434.0,128.31172677442666
11435.0,145.62472438145983
11436.0,95.66700803418433
11437.0,268.2835409130821
11438.0,-466.9244162464657
11439.0,-314.32094969127
11440.0,344.7406648862783
11441.0,220.70755813671104
11442.0,-578.4755239012416
11443.0,174.8090781147951
11444.0,399.94148396073433
11445.0,732.6720966332534
11446.0,667.3027303329168
11447.0,-63.096512982720355
11448.0,245.90652202892198
11449.0,21.73019301949083
11450.0,-248.65264042472606
11451.0,-197.04075505173995
11452.0,-282.0464722650836
11453.0,-81.15238925755509
11454.0,52.36536160378583
11455.0,-2.257126778133788
11456.0,-758.8756116063802
11457.0,213.4914591224901
11458.0,-169.27147826397547
11459.0,184.7202886520134
11460.0,256.5643049747529
11461.0,-63.24889777651977
11462.0,-272.717871837325
11463.0,135.79446347148968
11464.0,455.78074339530707
11465.0,-129.3563765217192
11466.0,62.87337039221947
11467.0,-386.852937894805
11468.0,267.2276588361114
11469.0,287.24118692262897
11470.0,-52.09972865258581
11471.0,76.40695664839107
11472.0,-138.16215089738063
11473.0,203.55614864230637
11474.0,15.48871102026596
11475.0,-5.968082516969162
11476.0,-31.64414259096878
11477.0,221.56630230692588
11478.0,-687.0023182063181
11479.0,483.7842231435417
11480.0,958.0223790880742
11481.0,191.59606092931176
11482.0,-58.589705574536524
11483.0,259.4623062040446
11484.0,-6.316757561911679
11485.0,-270.2884690000884
11486.0,-772.4642296251167
11487.0,-146.4633192619985
11488.0,-37.781460993014434
11489.0,331.5519575822501
11490.0,570.4745741117823
11491.0,-182.5998962757532
11492.0,-356.0940866069392
11493.0,84.14295121036416
11494.0,-115.72664179916688
11495.0,431.89838199541157
11496.0,-39.02760836085568
11497.0,28.163383062947588
11498.0,-54.06385343329412
11499.0,-259.96553784016356
11500.0,157.69687820480868
11501.0,-451.57353618095465
11502.0,482.5565048687755
11503.0,242.55694520910092
11504.0,-588.113743809803
11505.0,81.01709689599463
11506.0,325.4067394440317
11507.0,-22.052235150655616
11508.0,-296.2785041973317
11509.0,299.0519135861388
11510.0,468.26993122394924
11511.0,-99.60746951487839
11512.0,5.2780854471673635
11513.0,-101.94715017070999
11514.0,172.81543496339037
11515.0,-676.7207529529085
11516.0,-85.33458519818817
11517.0,117.54369571648172
11518.0,-83.62878738830528
11519.0,179.75562770163506
11520.0,-83.35296347452807
11521.0,-21.419178952217095
11522.0,292.124746243277
11523.0,-100.16396087765116
11524.0,-295.4450782425573
11525.0,-196.19961546096425
11526.0,-90.40349798566042
11527.0,-58.1141240949119
11528.0,-400.3793446976446
11529.0,236.32717532971543
11530.0,-312.004890539451
11531.0,448.8990473727659
11532.0,202.73550507695433
11533.0,94.92875456289619
11534.0,60.24730791750922
11535.0,-149.43663249088485
11536.0,406.7833814658019
11537.0,600.8120265364331
11538.0,-23.26355946076319
11539.0,-565.3127069056475
11540.0,156.44069172561208
11541.0,648.6215466239553
11542.0,405.7197964687439
11543.0,261.805831369301
11544.0,22.356083935016414
11545.0,238.41247473228935
11546.0,164.5680237527032
11547.0,-83.34674114858262
11548.0,209.77491982449428
11549.0,-198.9743774153073
11550.0,-78.73473210337367
11551.0,27.732488101924332
11552.0,450.31679507491066
11553.0,-78.31520558005113
11554.0,-267.63890633380265
11555.0,348.33187445465876
11556.0,-404.45503917406916
11557.0,330.0959394936935
11558.0,-532.9705587435978
11559.0,530.1667228331006
11560.0,-741.0568046410551
11561.0,478.6495234473422
11562.0,164.6318792135614
11563.0,-449.7107531471204
11564.0,-412.1148110783416
11565.0,219.12773907510703
11566.0,-378.6893095030045
11567.0,368.7333880545341
11568.0,37.338426958468375
11569.0,396.4934950040543
11570.0,-29.329794718535226
11571.0,35.475251839090134
11572.0,-267.29107555681446
11573.0,-417.3465797913098
11574.0,-250.3010652766376
11575.0,-228.9572000921869
11576.0,692.251347337507
11577.0,-411.1573720657533
11578.0,482.3211788825015
11579.0,109.40386922308781
11580.0,547.6205815138997
11581.0,179.88426508469325
11582.0,-521.5793101895114
11583.0,-0.5366722202074783
11584.0,-1.3108832742809682
11585.0,-248.05083145629635
11586.0,-243.0680618201331
11587.0,199.56730075170137
11588.0,381.32404325693375
11589.0,-393.16880388739753
11590.0,138.23245276134855
11591.0,34.24105569798942
11592.0,-4.6291546141183915
11593.0,-151.86193128195933
11594.0,335.54637222709
11595.0,-93.1452980827057
11596.0,507.75321866389675
11597.0,-355.4656205338221
11598.0,143.0897843816095
11599.0,137.94688403627015
11600.0,-151.04600604389725
11601.0,-19.601773692468754
11602.0,105.84882713406186
11603.0,-172.7851899812651
11604.0,482.127263709999
11605.0,-267.539174133256
11606.0,39.905555786130584
11607.0,-52.8557965310749
11608.0,-21.22244673120818
11609.0,155.37989346108503
11610.0,-96.06927783501584
11611.0,-163.17530409699737
11612.0,-180.36573977355118
11613.0,-264.6784345236005
11614.0,171.42795164643726
11615.0,-11.457713362941236
11616.0,239.99734190689588
11617.0,-39.84995383841655
11618.0,-211.74160655795828
11619.0,-354.1693561735652
11620.0,72.47946295208946
11621.0,306.82020444019395
11622.0,10.710238479162378
11623.0,-367.951642997273
11624.0,280.9986782849003
11625.0,607.1342789952022
11626.0,226.07866695707006
11627.0,565.9296380146848
11628.0,-147.76747216989926
11629.0,-314.03756027490545
11630.0,-180.04553525208996
11631.0,51.27097737987265
11632.0,-118.81984221413478
11633.0,-258.2606219427472
11634.0,-229.8371302020442
11635.0,200.36475862315336
11636.0,-348.07141756401063
11637.0,-584.8608659725468
11638.0,-4.9298768310265615
11639.0,-163.44221481669962
11640.0,87.02751929857041
11641.0,41.56663504345351
11642.0,-494.89046377701567
11643.0,-60.887711202976675
11644.0,-173.55136971975097
11645.0,181.2645211802142
11646.0,-51.32570908677121
11647.0,43.95099730518132
11648.0,-517.9818134858796
11649.0,-355.5526669032851
11650.0,272.4021668773411
11651.0,490.63038344697304
11652.0,-37.23470686782156
11653.0,100.1917811771612
11654.0,32.26474311667036
11655.0,342.3839958945962
11656.0,-274.38399640567167
11657.0,-461.5994801818381
11658.0,399.1178188156321
11659.0,59.9416624192665
11660.0,-119.02693796298053
11661.0,-281.70905159749077
11662.0,-127.62868444831926
11663.0,-556.5819101778271
11664.0,-79.37923441221776
11665.0,-84.28398755175044
11666.0,-212.85815433361972
11667.0,72.29858467981205
11668.0,-416.4589989203825
11669.0,-151.39277066781855
11670.0,-112.94325746656807
11671.0,-386.9976053679831
11672.0,553.3497133654191
11673.0,-80.93783458087154
11674.0,265.60516451201664
11675.0,498.06450504154674
11676.0,447.88340767692654
11677.0,-162.95338863409137
11678.0,121.20351520651931
11679.0,106.02342845843191
11680.0,340.50635541497365
11681.0,4.314416762780461
11682.0,-92.64783669165504
11683.0,-354.129577128836
11684.0,214.00747653242476
11685.0,-345.69142874226145
11686.0,-271.8022086291171
11687.0,426.30907737815403
11688.0,-37.75750717052159
11689.0,-180.46345723783548
11690.0,-97.58231078807265
11691.0,347.82231323352795
11692.0,-237.0130908039775
11693.0,118.12311870118731
11694.0,681.4766679385028
11695.0,275.66334489092833
11696.0,185.16481639957343
11697.0,-13.159363367315873
11698.0,274.07224748719017
11699.0,178.76102965588262
11700.0,-178.98039516140616
11701.0,391.8425175864854
11702.0,-308.9499410969796
11703.0,-324.83621594839
11704.0,262.0871357430679
11705.0,398.5210640940413
11706.0,-368.25488043296224
11707.0,-181.18251143785062
11708.0,-166.41347208747547
11709.0,68.98755258725343
11710.0,-249.49012878431472
11711.0,443.6033748432907
11712.0,13.650459883849834
11713.0,-212.5303785237195
11714.0,-27.915418712235848
11715.0,-240.799821845712
11716.0,-142.88309144793786
11717.0,-285.83430439090523
11718.0,460.63166868009444
11719.0,-225.1078802995077
11720.0,97.82651932861884
11721.0,350.5872568742849
11722.0,378.82385166848917
11723.0,-3.884845525271828
11724.0,-260.9482885668372
11725.0,-64.56158617381624
11726.0,-270.60328416669284
11727.0,-569.4207476943723
11728.0,142.46838399487947
11729.0,228.1523179274688
11730.0,170.90589405270833
11731.0,-88.73300598116725
11732.0,179.58514596853007
11733.0,176.7868255604934
11734.0,-56.27057434823976
11735.0,-185.87258729682728
11736.0,100.44658731096953
11737.0,-63.66217954558625
11738.0,623.2061139971241
11739.0,-122.16898105378229
11740.0,-216.5726412681245
11741.0,-130.9809745007372
11742.0,-293.8266585893771
11743.0,167.9238436273009
11744.0,9.259507593413502
11745.0,-587.4956962603312
11746.0,304.72480941847664
11747.0,251.4635951168531
11748.0,-304.0609677452441
11749.0,108.04336957545902
11750.0,-218.67189979790228
11751.0,-105.13018388543608
11752.0,121.35633108715751
11753.0,-302.9640413485012
11754.0,529.6616399285898
11755.0,-224.55011115095382
11756.0,688.8598020995785
11757.0,121.62140840748341
11758.0,495.8633096374001
11759.0,-104.89700800321268
11760.0,-39.403692827713314
11761.0,-218.43393840893586
11762.0,-242.07542923760494
11763.0,328.4691736616506
11764.0,-121.57062322437442
11765.0,-351.96132723645655
11766.0,235.8965433600899
11767.0,211.84331613383574
11768.0,581.9859083831267
11769.0,-187.81685176717616
11770.0,-88.20353056281354
11771.0,-121.26318282161421
11772.0,-682.3449315356851
11773.0,-61.455993571582496
11774.0,69.009041338983
11775.0,132.89487284698973
11776.0,41.64682074346376
11777.0,-513.1698248834691
11778.0,216.74344092334857
11779.0,-533.8087878872989
11780.0,-467.103065031573
11781.0,39.69398965514693
11782.0,178.8448375901787
11783.0,-255.9126843608321
11784.0,468.6909720129383
11785.0,-959.145867517446
11786.0,201.8625119158863
11787.0,-282.56870707573853
11788.0,-392.4349515666039
11789.0,-219.6877577980359
11790.0,169.59302266781177
11791.0,-21.895665769337228
11792.0,-242.2799222872577
11793.0,35.58886075134646
11794.0,336.44033353004545
11795.0,-63.33152033000687
11796.0,-4.446048273787881
11797.0,-312.31536571456104
11798.0,14.581415571943054
11799.0,-258.2235127345505
11800.0,725.8387913302859
11801.0,-303.8280646204012
11802.0,-726.1845220640331
11803.0,93.42268369441416
11804.0,92.79798258372136
11805.0,342.41232925067357
11806.0,856.1825394344172
11807.0,-54.883147062183994
11808.0,-213.13720641425417
11809.0,-365.08354888494966
11810.0,-733.4819620034948
11811.0,-206.05838193577847
11812.0,-418.27223526007936
11813.0,358.80446947095277
11814.0,-260.622345324668
11815.0,546.2345722587845
11816.0,187.44948665603027
11817.0,-22.033982900795593
11818.0,88.73051702341348
11819.0,-243.1384797848788
11820.0,-41.3796662789552
11821.0,-543.6240241200911
11822.0,840.8060354669705
11823.0,402.8242218186649
11824.0,79.4207055955017
11825.0,473.3897942639654
11826.0,-57.64549004681706
11827.0,210.1128672724438
11828.0,-185.75745290109984
11829.0,22.769138003585056
11830.0,940.7468340773537
11831.0,-442.7066678021565
11832.0,-475.24478225219445
11833.0,-339.99428398162115
11834.0,541.6463647301916
11835.0,333.49907956467473
11836.0,-765.4962533792772
11837.0,91.19318918087134
11838.0,164.45073228966385
11839.0,274.61283312273963
11840.0,263.1882538980377
11841.0,303.62233467676555
11842.0,-92.18952553795776
11843.0,208.97371337568302
11844.0,-170.0341905096172
11845.0,41.55819635804761
11846.0,-670.8313651099279
11847.0,452.6593777040707
11848.0,741.8102612544475
11849.0,420.55241150407346
11850.0,400.35300244817904
11851.0,-181.64239575564218
11852.0,162.0463584020057
11853.0,2.748093609333978
11854.0,534.6906446334302
11855.0,145.05936874351335
11856.0,245.639773523754
11857.0,192.70633663605037
11858.0,486.5739863716487
11859.0,525.2699999852715
11860.0,172.00159142779168
11861.0,342.5619147140185
11862.0,-338.44880989512353
11863.0,99.97133504380373
11864.0,-176.9017178169029
11865.0,316.42601020393363
11866.0,-637.4632411206287
11867.0,74.53335736390248
11868.0,-319.6093541834508
11869.0,-234.07357196963414
11870.0,238.83176324556376
11871.0,684.2995158543812
11872.0,-273.39394690634543
11873.0,229.49387382849645
11874.0,-191.42805181835286
11875.0,591.7365509012402
11876.0,-357.71707695786847
11877.0,279.3492027993541
11878.0,16.385346982374614
11879.0,1015.2321071191642
11880.0,-44.247648670116064
11881.0,-259.12038484959953
11882.0,6.68631257118016
11883.0,113.41765950025474
11884.0,164.3690604291054
11885.0,-219.79091064314449
11886.0,-50.91215016522517
11887.0,234.69378482921485
11888.0,-225.7460471560138
11889.0,-124.56806112022969
11890.0,89.33080634586085
11891.0,-24.03982232115399
11892.0,949.8138509171495
11893.0,21.685293242948894
11894.0,-333.0669156217117
11895.0,51.63526677112782
11896.0,-328.74705891806997
11897.0,-622.2335618237714
11898.0,-406.82572326736783
11899.0,-126.38083816157109
11900.0,-298.3568340444096
11901.0,-494.6324027328508
11902.0,579.0223407583985
11903.0,170.42489512238166
11904.0,160.45127278901438
11905.0,-127.53245750921008
11906.0,116.5126074916412
11907.0,137.24483689523342
11908.0,-1.2351263056278015
11909.0,613.2508183966269
11910.0,435.23448086059466
11911.0,160.38696710023407
11912.0,-185.47388977035075
11913.0,188.6406559940113
11914.0,-610.5603513173613
11915.0,23.714657186399165
11916.0,-97.90469140459572
11917.0,-120.61345408597205
11918.0,353.07871733578844
11919.0,-18.442887505295303
11920.0,-120.28546893417429
11921.0,15.392910103857183
11922.0,185.8069680477451
11923.0,845.6527630055822
11924.0,349.4593287705596
11925.0,45.89263723696651
11926.0,-7.237928751003224
11927.0,-164.71617083395975
11928.0,107.29963692985902
11929.0,-99.60009978114877
11930.0,48.61636926930447
11931.0,41.19970604370539
11932.0,661.6732170958686
11933.0,305.958987949778
11934.0,500.41107558683194
11935.0,-231.16099217574498
11936.0,334.17773249932054
11937.0,-326.40234266325746
11938.0,-574.1806195838054
11939.0,148.54087270945257
11940.0,613.9878825912873
11941.0,184.52036741988553
11942.0,-216.10046725875657
11943.0,-616.0735283229869
11944.0,127.46984067427104
11945.0,-96.88155439275036
11946.0,-167.71203784394476
11947.0,-349.94699488619233
11948.0,6.614867126928402
11949.0,543.2797064068873
11950.0,-362.78103146833985
11951.0,-330.057419494665
11952.0,347.0145487363187
11953.0,526.430773293448
11954.0,-69.34252030456918
11955.0,368.089429324775
11956.0,381.72371964173897
11957.0,345.8528403280857
11958.0,-204.68981318862177
11959.0,157.89721831896503
11960.0,-967.3833642179127
11961.0,527.9548197579929
11962.0,-338.8496057859556
11963.0,609.1811386017575
11964.0,381.1166205897998
11965.0,-18.35158324023007
11966.0,-92.24291830783206
11967.0,-166.08686551614568
11968.0,-173.93959945806213
11969.0,-221.13734204317643
11970.0,-228.3761224512858
11971.0,198.0616068094605
11972.0,-713.0064769343047
11973.0,-89.68186474183312
11974.0,-480.00457016778216
11975.0,-271.73339592270077
11976.0,565.3236399366723
11977.0,96.11148263233086
11978.0,178.61335856961432
11979.0,-61.174332454705294
11980.0,-368.6916872400585
11981.0,4.84774657817745
11982.0,414.41382134440164
11983.0,-760.3183167930524
11984.0,84.91271532686021
11985.0,-251.84732552028956
11986.0,280.70758458952116
11987.0,-391.2502782510774
11988.0,608.4991171703755
11989.0,-27.808460607211654
11990.0,-123.41411926925721
11991.0,-130.82924419408215
11992.0,18.55306889260069
11993.0,-433.1653758772145
11994.0,-303.70912611646514
11995.0,464.7152549850801
11996.0,496.48533446727936
11997.0,-35.13540941579632
11998.0,-131.67918453438628
11999.0,417.26915462133405
